Date,Retailer,Tranche,Page_Count,Approver,Slack_Link
2026-01-22 17:15:44,Staples,T26,4261,satvik,https://adeptmind.slack.com/archives/C0AB4BXPA56/p1769082339020819
2026-01-22 17:18:44,Staples,T27,567,satvik,https://adeptmind.slack.com/archives/C0AB4BXPA56/p1769082517379329
2026-01-22 17:19:21,Unknown,T27,567,satvik,https://adeptmind.slack.com/archives/C0AB4BXPA56/p1769082554057619
2026-01-22 17:20:57,Unknown,T27,567,satvik,https://adeptmind.slack.com/archives/C0AB4BXPA56/p1769082635368259
2026-01-22 17:59:46,Staples,T27,567,satvik,https://adeptmind.slack.com/archives/C0AB4BXPA56/p1769084966850879
2026-01-27 11:31:18,Unknown,T1,10,satvik,https://adeptmind.slack.com/archives/C0AC0QK1Y8G/p1769513474479199?thread_ts=1769513474.479199&cid=C0AC0QK1Y8G
2026-01-27 12:06:22,Staples,T1,156,satvik,https://adeptmind.slack.com/archives/C0AC0QK1Y8G/p1769515577763269?thread_ts=1769515577.763269&cid=C0AC0QK1Y8G
2026-01-30 06:11:30,Unknown,T1,10,sonika,https://adeptmind.slack.com/archives/C0AB4BXPA56/p1769509062095869?thread_ts=1769509062.095869&cid=C0AB4BXPA56
2026-02-02 10:27:50,Foot Locker,T1,156,satvik,https://adeptmind.slack.com/archives/C0AC0QK1Y8G/p1770028064394539?thread_ts=1770028064.394539&cid=C0AC0QK1Y8G
2026-02-02 10:51:01,Pet Supermarket,T1,10,satvik,https://adeptmind.slack.com/archives/C0AC0QK1Y8G/p1770029457619249?thread_ts=1770029457.619249&cid=C0AC0QK1Y8G
